person,position,start,end,prev,next,ps
Q100779990,Q19305384,2020-10-26,,,,statement/Q100779990-2fb04dfc-48d7-4ce3-df24-f9154ce9f4f9
Q104369381,Q19305384,2020-12-15,2021-02-15,,,statement/Q104369381-FED8EE5F-D2D0-4B52-9677-EFED7F4C57E7
Q104904685,Q19305384,2021-01-19,,,,statement/Q104904685-cd427424-490b-b766-de21-0a721cdbdb19
Q106408195,Q19305384,2021-04-06,,,,statement/Q106408195-2333de77-473b-fdd6-5f05-ffcebeabef3d
Q108894465,Q19305384,2021-09-28,2022-02-02,,,statement/Q108894465-62F82EC9-ACD6-4244-9D29-5C31A21451A3
Q110589820,Q19305384,2022-01-18,,,,statement/Q110589820-55200e74-45fa-6117-e3bb-547ee18d2103
Q110589846,Q19305384,2022-01-18,,,,statement/Q110589846-044f819f-4065-f26f-db6e-e4342bc466de
Q114246,Q19305384,2019-06-11,,,,statement/Q114246-e0b56e5c-438e-36f5-7503-f3161e117caa
Q11960335,Q19305384,2015-06-09,,,,statement/Q11960335-c9ad3771-461e-3099-f774-bfaa18fe66ab
Q12013388,Q19305384,2007-06-12,2013-05-14,,,statement/Q12013388-DACAF2D0-AF5F-43D0-AC33-47BF5AE64D62
Q12013494,Q19305384,2007-06-12,2014-07-02,,,statement/Q12013494-0642438D-0F40-417E-A457-73E91441A332
Q13487753,Q19305384,2013-06-18,2015-06-09,,,statement/Q13487753-99EA0229-685B-4DD9-A57F-A6A5DE638C7C
Q1358714,Q19305384,1995-06-13,2000-11-01,,,statement/Q1358714-78717901-A49F-411E-8669-B20662CFFB89
Q13637589,Q19305384,2007-06-12,2019-06-11,,,statement/Q13637589-FEE0601A-C625-4849-B684-2A6B063466FF
Q13641749,Q19305384,2019-06-11,2021-01-15,,,statement/Q13641749-711d848d-4ac3-2482-1cd7-250f65170261
Q13653571,Q19305384,2004-09-28,2015-06-09,,,statement/Q13653571-B49AB02E-945A-446D-957D-C291D0B886EE
Q13724705,Q19305384,2015-06-09,2019-03-01,,,statement/Q13724705-77E410C1-E729-4FA7-8F3A-6CED7AB240EA
Q13724705,Q19305384,2021-04-06,,,,statement/Q13724705-e69efcbe-45e2-ed62-ff5b-1de1b859c064
Q13815606,Q19305384,2011-06-07,2015-06-09,,,statement/Q13815606-A94B28A4-F7B9-4FC2-BE9A-60BF5571C0E4
Q13815905,Q19305384,2011-06-07,,,,statement/Q13815905-4B049023-BF53-40BE-B01A-D14D4CD211AD
Q13895784,Q19305384,1993-09-07,2007-06-12,,,statement/Q13895784-0728F22D-9C49-4BE4-B73E-F16D711D7927
Q1397450,Q19305384,1999-06-08,2003-06-10,,,statement/Q1397450-95E20C58-6CDB-4D63-8911-554D7F1EC11E
Q14520235,Q19305384,2011-06-07,2017-10-25,,,statement/Q14520235-29356337-0048-4A47-8BE0-C04C59763215
Q14520235,Q19305384,2011-06-07,2017-10-26,,,statement/Q14520235-29356337-0048-4A47-8BE0-C04C59763215
Q1452565,Q19305384,2003-06-10,2015-06-09,,,statement/Q1452565-1c018986-4c34-bec5-0c5f-7f4e0aeb1600
Q1465250,Q19305384,1999-06-08,2003-06-10,,,statement/Q1465250-B0D83C15-7E5E-45AB-8048-C44084E98EF8
Q1488358,Q19305384,2003-06-10,2013-02-05,,,statement/Q1488358-22B48C93-6136-4BB3-9671-9E1DEAA937A5
Q15117604,Q19305384,2017-03-28,,,,statement/Q15117604-537aa44e-4c1e-991c-18e0-6829e3c19443
Q15429477,Q19305384,1999-06-08,2000-07-15,,,statement/Q15429477-B54BACBB-1EE9-4C94-B22C-10B28AEF640F
Q1677559,Q19305384,1999-06-08,2004-09-07,,,statement/Q1677559-B37586B0-D421-41C1-BC7F-234CB6F09006
Q1682076,Q19305384,2011-06-07,2019-06-11,,,statement/Q1682076-b7b17c31-4f59-f30c-fab8-4ded8ed052d0
Q17106398,Q19305384,2016-10-04,2019-06-11,,,statement/Q17106398-0C4706C0-7DF7-4063-803A-63911C8E0160
Q17427994,Q19305384,2014-07-08,2017-03-23,,,statement/Q17427994-5C88CF46-CC68-4709-85A7-4AB2B257E877
Q1810168,Q19305384,2011-06-07,,,,statement/Q1810168-1DC09684-BCC4-475B-BB3A-99108A47BF4D
Q1820840,Q19305384,2007-06-12,2007-09-25,,,statement/Q1820840-C1519731-067F-4250-B278-B8017553340A
Q1820840,Q19305384,2007-06-12,2011-06-07,,,statement/Q1820840-C1519731-067F-4250-B278-B8017553340A
Q1820840,Q19305384,2007-09-25,2011-06-07,,,statement/Q1820840-d2dbfe7a-4978-2dff-b45e-438959cb38e8
Q18226118,Q19305384,2018-02-13,2019-06-11,,,statement/Q18226118-F70288C9-6DCF-45B5-8354-E2542D55B94F
Q1827647,Q19305384,2003-06-10,2005-04-18,,,statement/Q1827647-EE5A74C2-AE8F-4158-971F-4E796198C9D3
Q1845502,Q19305384,2003-06-10,2011-06-07,,,statement/Q1845502-4DDEB406-708B-49B2-80A8-B6108759E293
Q1854854,Q19305384,2011-06-07,,,,statement/Q1854854-24A4D273-5F8F-4EAC-A881-E26BAB762F0A
Q1888770,Q19305384,2003-06-10,2003-09-08,,,statement/Q1888770-FE2B8D14-A171-4808-A4E8-2A677E9396C2
Q1889236,Q19305384,2007-06-12,2015-06-09,,,statement/Q1889236-CEC32486-5D2B-4EA2-B683-1F5197131464
Q1899440,Q19305384,2012-11-06,,,,statement/Q1899440-6D548801-D00F-4A35-9D01-1532F8A72A34
Q1902653,Q19305384,2003-06-10,2007-06-12,,,statement/Q1902653-D4E7879D-AFB6-49C2-AE89-274DE2615DF9
Q1906932,Q19305384,2019-06-11,,,,statement/Q1906932-BEB316E1-8835-46CF-A152-EB63331180FF
Q1916958,Q19305384,2015-06-09,2016-12-01,,,statement/Q1916958-0cfc3dad-4431-d680-5cfc-2c3f56845c3e
Q1917082,Q19305384,2019-06-11,,,,statement/Q1917082-4cece95f-4362-3877-8704-5720113d1679
Q1920291,Q19305384,2013-05-14,,,,statement/Q1920291-3A802265-60F0-429F-B240-063968D5E7EA
Q1925167,Q19305384,2007-06-12,2019-06-11,,,statement/Q1925167-FD7F33C9-B0A0-4E6B-B25D-4EA2A2913C40
Q1931727,Q19305384,1995-06-13,2007-06-12,,,statement/Q1931727-BF82761F-30E3-4360-B491-22B8514B5415
Q1938630,Q19305384,2007-06-12,,,,statement/Q1938630-d070495f-4ba2-8e3b-7291-076fab379dad
Q1948092,Q19305384,2007-06-12,2011-06-07,,,statement/Q1948092-EE4062D6-A6A6-424A-AA77-03FB53DBBA50
Q1949253,Q19305384,2010-06-22,2011-06-07,,,statement/Q1949253-A814062C-9346-4079-9D84-9404B22A4044
Q1955961,Q19305384,2015-06-09,,,,statement/Q1955961-E5B6188E-2468-4AE5-A63C-2ED881A50528
Q1957483,Q19305384,2007-06-12,2013-01-15,,,statement/Q1957483-8f0aca54-4be5-2633-581c-3b7857802191
Q1966582,Q19305384,2007-06-12,2015-11-03,,,statement/Q1966582-4A9D8FEE-E40A-40B0-9DAE-8AAC3B5FACC5
Q19801955,Q19305384,2015-06-09,2017-03-22,,,statement/Q19801955-63dd15a3-451b-7520-17e8-7271e9869413
Q19801955,Q19305384,2015-06-09,2017-03-23,,,statement/Q19801955-63dd15a3-451b-7520-17e8-7271e9869413
Q19801965,Q19305384,1995-06-13,2003-06-10,,,statement/Q19801965-8C668FDE-D8CD-42AA-8AB6-1779170ACB66
Q19801988,Q19305384,2018-10-02,2019-06-11,,,statement/Q19801988-073b3cef-cfc6-42ea-bb87-2464e9b8c251
Q19802019,Q19305384,2015-06-09,2021-03-01,,,statement/Q19802019-3aaefb7c-420f-be29-d96c-e4baab4c0a51
Q19802044,Q19305384,2015-06-09,2019-06-11,,,statement/Q19802044-6EAAB5C7-4CEE-44ED-BDC8-41439769CB74
Q1992436,Q19305384,2013-01-15,2014-07-17,,,statement/Q1992436-E65BFCFF-2E91-4C1E-A734-BE367AA450DA
Q1994511,Q19305384,2019-06-11,,,,statement/Q1994511-cd2d2dec-4da0-d72a-1dd4-72d9ce777672
Q1994667,Q19305384,1999-06-08,2007-06-12,,,statement/Q1994667-B74F9958-3726-4B60-82CC-04EBE8AC2FE8
Q1995855,Q19305384,2011-06-07,2015-06-09,,,statement/Q1995855-8284cd1e-4ad8-9690-3746-a29a53f3253f
Q1995855,Q19305384,2019-06-11,,,,statement/Q1995855-EA879BE0-1713-46E6-9474-486BDCD1FBC0
Q1996478,Q19305384,2007-06-12,2009-09-14,,,statement/Q1996478-5B858059-3466-4327-835E-42457C3B5CD6
Q19971925,Q19305384,2015-06-09,,,,statement/Q19971925-897969C3-8717-4BE9-80C3-6C1823F25730
Q19986193,Q19305384,2015-06-09,2017-03-22,,,statement/Q19986193-6081163B-B958-4237-9EF2-999D02E1B2AB
Q19986193,Q19305384,2015-06-09,2017-03-23,,,statement/Q19986193-6081163B-B958-4237-9EF2-999D02E1B2AB
Q19988346,Q19305384,2015-06-09,2018-10-10,,,statement/Q19988346-5EDB8D1D-2BDE-44FD-BD64-54BF72D3DD2F
Q19988346,Q19305384,2019-03-12,2021-03-31,,,statement/Q19988346-3dfe67a1-45ef-f428-026f-37f41488ceb3
Q20017729,Q19305384,1999-10-05,2003-06-10,,,statement/Q20017729-5ec9e88d-494a-5698-ee36-37068a1d5599
Q20026742,Q19305384,2015-06-09,,,,statement/Q20026742-ef6ca94c-4c88-fc27-39ec-b0c76f71f930
Q2003427,Q19305384,2011-06-07,2014-07-01,,,statement/Q2003427-A36F83AC-13A4-4DA2-B37D-C90E6A838A8F
Q20088078,Q19305384,2015-06-09,,,,statement/Q20088078-06d46cda-8536-45da-8b43-d2ae3b20920c
Q2008906,Q19305384,1991-06-11,2000-04-05,,,statement/Q2008906-4D588A36-C9BA-4134-A903-96FC72E13D71
Q20100030,Q19305384,2015-06-09,2021-03-31,,,statement/Q20100030-23a0557c-4e41-7229-9514-8b296d2a5b2b
Q20113631,Q19305384,2015-06-09,,,,statement/Q20113631-4bda9063-4e8f-c3c1-7f23-6fb1a2d801c7
Q20113636,Q19305384,2015-06-09,2019-06-11,,,statement/Q20113636-3b42d55c-4f85-4b76-d56f-581441689dfd
Q20113658,Q19305384,2015-06-09,,,,statement/Q20113658-2bac2bf9-437a-bf4b-2a05-26e9d6a2510d
Q20113669,Q19305384,2015-06-09,2019-06-11,,,statement/Q20113669-68fc234b-4c91-1bbd-d08a-5eedd1357ce3
Q20113694,Q19305384,2015-06-09,2019-06-11,,,statement/Q20113694-dee0939f-40c5-a3f6-2276-18e4c09c16cd
Q20113700,Q19305384,2015-06-09,2019-02-01,,,statement/Q20113700-d3ef750c-432a-0124-567f-6655c63139e9
Q2016880,Q19305384,2019-06-11,,,,statement/Q2016880-86560b9e-4e94-1bf7-df25-7afc334e0e5b
Q2038480,Q19305384,2003-06-10,2007-06-12,,,statement/Q2038480-63b3dfc8-4f35-3d86-5688-6f5d5fc4dcdb
Q20734837,Q19305384,1999-06-08,2003-06-10,,,statement/Q20734837-BF54EE0D-A3F0-4827-B2B2-1064A69B554E
Q20734927,Q19305384,1991-06-11,2003-06-10,,,statement/Q20734927-BEF7A0A9-C8F2-4A94-8B45-38D325FEEA84
Q2074268,Q19305384,2009-06-16,2019-06-11,,,statement/Q2074268-578EACB2-0873-411F-8AC0-B0EC4DB6B7DD
Q2075610,Q19305384,2015-06-09,2019-06-11,,,statement/Q2075610-194c875f-4c17-942f-28ad-091057607f8c
Q2082585,Q19305384,2000-04-18,2003-06-10,,,statement/Q2082585-1CDC4ED0-4844-4025-BB8D-EDD3D840ECB3
Q2084799,Q19305384,2019-06-11,2022-01-10,,,statement/Q2084799-78d92ef8-4489-e83d-e925-053d78b27254
Q20857342,Q19305384,1995,2003,,,statement/Q20857342-CEDA97FE-F579-4E5F-BEC2-DD1A249CB8D7
Q20857342,Q19305384,1995,2003-06-10,,,statement/Q20857342-CEDA97FE-F579-4E5F-BEC2-DD1A249CB8D7
Q20857342,Q19305384,1995-06-13,2003,,,statement/Q20857342-CEDA97FE-F579-4E5F-BEC2-DD1A249CB8D7
Q20857342,Q19305384,1995-06-13,2003-06-10,,,statement/Q20857342-CEDA97FE-F579-4E5F-BEC2-DD1A249CB8D7
Q20857358,Q19305384,1999-06-08,2003-06-10,,,statement/Q20857358-B79F5FEA-58DF-481D-92F9-F3CEE8411890
Q20857375,Q19305384,1987-06-23,2003-06-10,,,statement/Q20857375-E2FBE4F3-37BD-4F30-BEF0-2D1A0A9217EE
Q2086514,Q19305384,1999-06-08,2011-06-07,,,statement/Q2086514-831EAE94-C059-47CF-95F1-15F58162B716
Q2089254,Q19305384,2003-06-10,2006-11-29,,,statement/Q2089254-31EBB70C-B437-4CC5-A850-147A2A96FB65
Q2094302,Q19305384,2010-11-02,2011-06-07,,,statement/Q2094302-B363AAF0-9465-4518-8FEC-834722704EF2
Q2106896,Q19305384,2019-06-11,,,,statement/Q2106896-0284105a-41c5-70fa-2c19-8263c0499527
Q2111244,Q19305384,2003-06-10,2015-06-09,,,statement/Q2111244-CF620010-A8F2-49B1-B72C-411E7F5F9E6B
Q2120050,Q19305384,2007-06-12,2011-06-07,,,statement/Q2120050-1BD268AA-CA32-48B8-926B-82627BCF65CA
Q2120911,Q19305384,2019-06-11,,,,statement/Q2120911-7f7eabd9-45dc-89b7-4430-3698ec57408a
Q2123284,Q19305384,2011-06-07,2015-06-09,,,statement/Q2123284-A79ECAE2-0EA5-4EF1-B9FA-AB5F9F3432BC
Q2128526,Q19305384,2011-06-07,2021-10-07,,,statement/Q2128526-3C13549E-928F-4D34-AE0F-5F4DFD00A203
Q2133228,Q19305384,1995-06-13,2007-06-12,,,statement/Q2133228-23A8379F-2C22-4AB5-92B7-FF239403B076
Q2140284,Q19305384,1987-06-23,2003-06-10,,,statement/Q2140284-65C2D035-AD86-466C-B6FB-0F447BEB71FA
Q2141189,Q19305384,1995-06-13,2003-06-10,,,statement/Q2141189-97DE24D9-0E3C-4F24-94FD-C7F574B3C930
Q2145209,Q19305384,2011-06-07,2015-06-09,,,statement/Q2145209-231C534F-902A-4487-B57C-1FF47C354FE7
Q21528722,Q19305384,2018-09-25,2019-06-11,,,statement/Q21528722-3a0399fe-4d6a-a2f2-514b-781369acb75e
Q2154593,Q19305384,2007-06-12,2011-06-07,,,statement/Q2154593-F30A8C93-5AF2-4F3E-87A8-A3857F9DFD45
Q2160649,Q19305384,1998-05-19,2003-06-10,,,statement/Q2160649-a7e78c0a-4ea5-6d0e-9766-76e0294dad53
Q2160649,Q19305384,2006-12-12,2007-06-12,,,statement/Q2160649-2a7bf958-4db2-3592-0925-416c7ab2ed39
Q2160649,Q19305384,2011-06-07,2018-06-20,,,statement/Q2160649-59ea8220-4ca9-ebfc-a816-ce8362f0be64
Q2160649,Q19305384,2019-02-05,2019-06-11,,,statement/Q2160649-C3F34251-AE95-4100-9E2C-E5C7268C982E
Q2162310,Q19305384,2003-06-10,2015-06-09,,,statement/Q2162310-EBD45B9D-4ECF-4782-9C7C-9860F4850615
Q2162310,Q19305384,2019-06-11,,,,statement/Q2162310-c8df1db4-424f-09dc-970c-38a932323f26
Q2166576,Q19305384,1999-06-08,2007-06-12,,,statement/Q2166576-BA4FB82D-3D88-4CC7-9DC4-33D56A4F4F48
Q2172630,Q19305384,2007-01-16,2007-06-12,,,statement/Q2172630-81DF2CE7-012E-4E54-9BCC-176453A846ED
Q2179559,Q19305384,2007-06-12,2011-06-07,,,statement/Q2179559-2BCEF2EA-E9A6-4CA1-A1D5-8A33518B0AF7
Q2185504,Q19305384,2007-06-12,2011-06-07,,,statement/Q2185504-A05A2121-3385-47E5-A501-FC259ADF2A0D
Q2196346,Q19305384,2007-06-12,2011-06-07,,,statement/Q2196346-299A3D12-DAFE-4972-836A-448B5F24D95F
Q2200008,Q19305384,1995-06-13,2003-06-10,,,statement/Q2200008-4C45BF7B-781D-4C7A-8EBC-8DA520D0C217
Q2201519,Q19305384,2018-07-04,2018-08-26,,,statement/Q2201519-E2955AC1-8092-4377-8D3E-6474B5F690C2
Q2207303,Q19305384,1995-06-13,2003-06-10,,,statement/Q2207303-87733AE5-CCC9-4B18-89F6-567D6335A4EA
Q2215214,Q19305384,2015-06-09,2019-06-11,,,statement/Q2215214-cf742134-4660-1ba9-17a6-17941a8aacac
Q2219688,Q19305384,2011-06-07,2015-06-09,,,statement/Q2219688-E18351D9-AC0F-48EA-974D-3C60A728A611
Q2227721,Q19305384,1995-06-13,2003-06-10,,,statement/Q2227721-4C70C8A7-203D-461E-9DBD-F32BA95C19F4
Q2227862,Q19305384,2007-06-12,2011-06-07,,,statement/Q2227862-9A4517E2-2322-427C-A501-20ECFC70F441
Q2228497,Q19305384,2011-06-07,2017-09-01,,,statement/Q2228497-5BBD293B-F14E-46C6-BB7B-59A46FB83357
Q2235715,Q19305384,2003-06-10,2007-06-12,,,statement/Q2235715-9931F202-4C50-4BC4-8CF6-DFC565272AED
Q2236130,Q19305384,2011-06-07,2015-06-09,,,statement/Q2236130-9377FE9C-AA28-480C-95AD-71D265DBF6B4
Q2238427,Q19305384,2009-05-19,2011-06-07,,,statement/Q2238427-6F492E83-5823-4044-A280-218D83DF711F
Q2241713,Q19305384,2015-06-09,2019-01-16,,,statement/Q2241713-3B418A64-F178-41FF-ACF0-2B1A45AF6192
Q224863,Q19305384,2011-06-07,2012-09-20,,,statement/Q224863-E4CF76B4-F851-4F33-8D23-3B9EE6088DBD
Q2257207,Q19305384,2003-06-10,2011-06-07,,,statement/Q2257207-8515C190-4692-4F9D-BBC5-918F9F138399
Q2257749,Q19305384,2011-06-07,2019-06-11,,,statement/Q2257749-413AF41A-BF79-48F6-A341-C59E0689578F
Q2262494,Q19305384,1991-06-11,2007-06-12,,,statement/Q2262494-11AE46F7-AEE5-4765-8F77-1D08A9961211
Q2264234,Q19305384,2019-06-11,,,,statement/Q2264234-31ad3f34-4548-6603-11f3-5246601f89f3
Q2269436,Q19305384,2010-10-26,2019-06-11,,,statement/Q2269436-C479552D-E3FD-430F-B740-1BEC195B5EF8
Q2281383,Q19305384,2011-06-07,2015-06-09,,,statement/Q2281383-8c090362-4fcb-f623-3e10-e3ee66061e44
Q2281383,Q19305384,2017-10-31,2019-06-11,,,statement/Q2281383-33DE2683-DF9F-4F95-B863-9728BB272221
Q2291070,Q19305384,2012-10-02,2019-06-11,,,statement/Q2291070-38FE169F-1D75-4DEB-A09E-3CAEF6F78409
Q2293713,Q19305384,2003-11-04,2011-06-07,,,statement/Q2293713-729C7A94-F9FE-4A96-87FB-4FE272EB7323
Q2299377,Q19305384,2004-10-12,2015-06-09,,,statement/Q2299377-83F239E1-B0BA-4027-B54B-0A08C574AC75
Q2303741,Q19305384,2015-06-09,2019-06-11,,,statement/Q2303741-747C98AB-A02F-41C9-AFC7-F4B6A0A67557
Q2304865,Q19305384,1999-06-08,2003-09-22,,,statement/Q2304865-7FC656C3-1000-43D6-A966-A992204FB09E
Q2311677,Q19305384,2019-06-11,,,,statement/Q2311677-c44a7fd3-4ba8-3c37-2302-f3c398dfd560
Q2320629,Q19305384,2011-06-07,2018-09-03,,,statement/Q2320629-4D34DC3F-59B0-4604-8C1C-1FE804624179
Q2328075,Q19305384,1999-06-08,2003-06-10,,,statement/Q2328075-64a17e11-4fad-ead0-1bcb-078b2798a8cf
Q2328075,Q19305384,2003-09-30,2007-06-12,,,statement/Q2328075-E440A00D-614E-44BF-B80E-2503283AE1EE
Q2333972,Q19305384,2019-06-11,2020-11-25,,,statement/Q2333972-54566ecc-4575-a66c-514e-0cf691c2bcf1
Q2341445,Q19305384,1991-06-11,2003-06-10,,,statement/Q2341445-99CF66CF-0F97-4A3F-AB7D-60947C71D679
Q2343224,Q19305384,2019-06-11,,,,statement/Q2343224-04352b93-4893-1105-0254-6d57cc5fe262
Q2348223,Q19305384,2015-06-09,2019-06-11,,,statement/Q2348223-95e866ea-442e-fe8a-00ee-35e19d5e2788
Q2349265,Q19305384,2007-06-12,2019-04-26,,,statement/Q2349265-A6969272-F5BE-467E-8F08-729B944CD01E
Q2349265,Q19305384,2007-06-12,2019-06-11,,,statement/Q2349265-A6969272-F5BE-467E-8F08-729B944CD01E
Q2349265,Q19305384,2019-04-26,2019-06-11,,,statement/Q2349265-ad0b090b-4d01-4728-17ac-4738c640eaee
Q2350164,Q19305384,2003-06-10,2007-06-12,,,statement/Q2350164-FA5275EA-961B-46F6-AC6A-57FDADA44957
Q2352603,Q19305384,2000-11-14,2007-06-12,,,statement/Q2352603-4F4B107C-FAAF-4408-8B5A-C6E2BD824C5A
Q2359123,Q19305384,1999-06-08,2003-06-10,,,statement/Q2359123-3CD93776-819B-48FC-AF31-29C30E122066
Q2360160,Q19305384,2007-06-12,2015-06-09,,,statement/Q2360160-0DA7AFBD-CBC0-4D08-8AEB-6A49F95F35BD
Q2361862,Q19305384,2003-06-10,2007-06-12,,,statement/Q2361862-1EBDF80B-870F-4B6D-B2B9-B98A28F9534C
Q2365655,Q19305384,1999-06-08,2011-06-07,,,statement/Q2365655-2D8127D5-C9B7-4B2F-A69E-75800ADEBABA
Q2376851,Q19305384,2001-06-19,2006-10-30,,,statement/Q2376851-58F4BC6C-E1F4-40E3-96EC-D3EF45F19093
Q2376884,Q19305384,1999-06-08,2003-06-10,,,statement/Q2376884-B13567AB-17CA-49C7-9010-AF0FBA12B5CD
Q2381545,Q19305384,1995-06-13,2003-06-10,,,statement/Q2381545-241AF524-5A09-49B7-9EE4-60FA2921332F
Q2384698,Q19305384,2021-04-13,2022-03-31,,,statement/Q2384698-e66ef5cf-4f6e-868d-5acf-43f3c8e3e534
Q2384698,Q19305384,2022-03-31,,,,statement/Q2384698-7f7232c6-4cf3-d40f-3d98-79b462848248
Q2388005,Q19305384,2003-06-10,,,,statement/Q2388005-9F5D3613-2396-42E4-9207-281DE587D88D
Q2393683,Q19305384,2002-01-22,2007-06-12,,,statement/Q2393683-48458ADC-76DD-4B96-96F2-4CE5013F8EAA
Q2403818,Q19305384,2011-06-07,2015-09-08,,Q2741884,statement/Q2403818-26474736-FF61-49C7-A085-2A2630E01792
Q2403818,Q19305384,2015-12-29,2017-03-22,,,statement/Q2403818-f9a3e826-4f5c-fef8-43ef-0f7169cceff8
Q2405243,Q19305384,1987-06-23,2003-06-10,,,statement/Q2405243-A322CC51-CAE5-4173-93B0-C90FE5735823
Q2408553,Q19305384,2003-06-10,2007-06-12,,,statement/Q2408553-E7A6421B-D976-4E41-A9B2-003736EBCC0A
Q2412366,Q19305384,2019-03-12,2019-06-11,,,statement/Q2412366-e151860d-7eab-4811-92d2-38387231a969
Q2419764,Q19305384,2015-06-09,2019-06-11,,,statement/Q2419764-D9C79565-62D8-441F-9831-54B7AE793A76
Q2421032,Q19305384,1995-06-13,2002-01-10,,,statement/Q2421032-C11A8589-B61D-4652-9DBA-58E481105861
Q2422816,Q19305384,2003-06-10,2010-06-16,,,statement/Q2422816-75afe5c1-4b29-1576-5442-c9ec9292c7bc
Q2448290,Q19305384,2015-06-09,,,,statement/Q2448290-83a33e14-4caa-4d0d-dd9c-524f9063a844
Q2449164,Q19305384,1995-06-13,2007-06-12,,,statement/Q2449164-718465F4-B128-4298-99B8-EC733DB18E80
Q2451404,Q19305384,2003-06-10,2004-10-12,,,statement/Q2451404-E63F0708-6EFE-49CF-82AC-0F179C5C83C8
Q2452452,Q19305384,2007-06-12,2011-06-07,,,statement/Q2452452-507B75D5-58C4-4924-8169-D479A2C47CB4
Q2453365,Q19305384,2004-09-07,2019-06-11,,,statement/Q2453365-C2F349B5-3809-4AEB-8F80-23FF708CB2E3
Q2458543,Q19305384,2003-06-10,2011-06-07,,,statement/Q2458543-33791FC0-C939-4918-8696-1F5CDB8C7E50
Q2461334,Q19305384,2011-06-07,2018-09-26,,,statement/Q2461334-4935C4B6-C517-420C-BD73-8F4D4402E0A8
Q2461401,Q19305384,2000-04-11,2003-06-10,,,statement/Q2461401-9d1822db-49c6-72c6-38b1-9ad30cae24cd
Q2469556,Q19305384,1995-06-13,2003-06-10,,,statement/Q2469556-1ACA3659-B5E6-478C-B521-636B33721666
Q2472224,Q19305384,2011-06-07,2015-06-09,,,statement/Q2472224-38f7637c-4346-93b1-8bbf-bad27913fc1a
Q2472224,Q19305384,2017-09-12,2019-06-11,,,statement/Q2472224-6BAB2A65-F9A3-455E-A987-3E0DF5AED5C8
Q2483774,Q19305384,2007-06-12,2019-06-11,,,statement/Q2483774-ADD2312A-6590-423A-AE72-BD7B285D29DB
Q2499321,Q19305384,1981-08-25,2003-06-10,,,statement/Q2499321-A13C4E06-A1DA-4CC1-BD09-459FAE293DF9
Q2529406,Q19305384,2011-06-07,,,,statement/Q2529406-C5D2A814-4E75-4764-AF31-2E9966090E19
Q2530306,Q19305384,1995-06-13,2000-04-01,,,statement/Q2530306-1EF9DF91-EC22-4F9B-B1CB-4CABBC474686
Q2538175,Q19305384,1999-06-08,2015-06-09,,,statement/Q2538175-E9082085-A247-4ED7-BD23-52EA95049CF6
Q2544179,Q19305384,2011-06-07,2015-06-09,,,statement/Q2544179-395255AC-4B88-4A3E-A5BC-0AA085DA7299
Q2544179,Q19305384,2015-11-10,2016-07-12,,,statement/Q2544179-4da76e9c-4bc5-04d5-4ecb-22aa50ed42f4
Q2553131,Q19305384,2007-06-12,2011-06-07,,,statement/Q2553131-DD542978-AA35-4541-8608-8E4433F934C4
Q2568439,Q19305384,1991-06-11,2002-05-15,,,statement/Q2568439-4F3F4C84-E708-490F-B058-465BBFEFD148
Q2568610,Q19305384,2005-05-10,2007-06-12,,,statement/Q2568610-36972E25-6A6B-4BE1-9D74-17A2F599F41E
Q2570804,Q19305384,2007-06-12,2011-06-07,,,statement/Q2570804-3F437C59-B95D-41EB-99B3-FA14C6574E9D
Q2574692,Q19305384,2003-06-10,2011-06-07,,,statement/Q2574692-519B97BC-FB76-41D4-BFC3-4331F6D28E51
Q2578501,Q19305384,2003-06-10,2013-06-15,,,statement/Q2578501-C9D4A165-38EE-4B0E-9B9A-93851A4E39D1
Q2578501,Q19305384,2003-06-11,2013-06-15,,,statement/Q2578501-C9D4A165-38EE-4B0E-9B9A-93851A4E39D1
Q2580847,Q19305384,1995-01-10,2011-06-07,,,statement/Q2580847-2D24110C-3DB0-4D41-8BAC-FE1D7D235585
Q2605268,Q19305384,2021-03-02,,,,statement/Q2605268-f4a8c87a-47a3-af19-507d-32786ee78390
Q2605861,Q19305384,1999-06-08,2007-06-12,,,statement/Q2605861-2E488BD9-2397-4A1C-9F18-4BEBB93C7C2F
Q2607655,Q19305384,2007-06-12,2011-06-07,,,statement/Q2607655-032BC4F6-4E36-4DE7-ACB7-2417A8C07390
Q2609978,Q19305384,2001-10-02,2019-06-11,,,statement/Q2609978-11C7659A-ECF1-4932-A5BD-CB572395C0D8
Q2612472,Q19305384,2011-06-07,2012-09-20,,,statement/Q2612472-EC230BF9-A170-4786-BBA8-08B1EBEE6DAA
Q2617000,Q19305384,1999-06-08,2007-06-12,,,statement/Q2617000-B372D86E-8E44-4D16-B184-E287E5752F32
Q26203749,Q19305384,2016-07-12,,,,statement/Q26203749-42473C17-2EDA-4DF0-8ECC-2EE03289271C
Q2637771,Q19305384,1999-06-08,2003-06-10,,,statement/Q2637771-1BF379D8-A1CB-4C2E-9460-B023B3642A79
Q2644986,Q19305384,2013-02-05,2015-06-09,,,statement/Q2644986-25F7A0AF-B253-460B-9C72-8B9A2844F57D
Q2648005,Q19305384,2009-09-22,2011-06-07,,,statement/Q2648005-2CD7500F-CB07-4290-AD7B-931B26A97052
Q2662569,Q19305384,1999-06-08,2007-06-12,,,statement/Q2662569-002F6BE3-748A-4D17-A31A-641AFB9D01AC
Q2672080,Q19305384,2003-06-10,2011-06-07,,,statement/Q2672080-F09EB3C1-419D-4197-A443-5C055C5A8A50
Q2672288,Q19305384,1991-06-11,2007-06-12,,,statement/Q2672288-29708DF5-F503-46B7-8132-6AE656ABDE91
Q2675186,Q19305384,2006-10-31,2007-06-12,,,statement/Q2675186-383B8F7E-5C61-46C6-BD54-8DC1BC635282
Q2677795,Q19305384,1999-06-08,2003-06-10,,,statement/Q2677795-A3789A61-E36F-4118-BA33-FFD968C2A515
Q2680679,Q19305384,1991-06-11,2015-06-09,,,statement/Q2680679-A5E8FD40-4D67-4201-A025-A2B4C73CD0B8
Q2682088,Q19305384,2018-04-03,2019-06-11,,,statement/Q2682088-101b975f-4399-c9bf-c058-4f2963c8daee
Q2682088,Q19305384,2021-10-12,,,,statement/Q2682088-14fed9e1-4719-7806-308f-6e763870023f
Q2683414,Q19305384,2011-06-07,2015-06-09,,,statement/Q2683414-FB94C2DC-4AE4-43BA-B8BA-0561928995B6
Q2684477,Q19305384,2003-06-10,2007-06-12,,,statement/Q2684477-E24A0D59-BED5-456A-A83A-9C9ABDFC0D24
Q2697618,Q19305384,2007-06-12,2019-06-11,,,statement/Q2697618-1791E305-4F94-41F0-A6EA-1FE539276DE2
Q27042965,Q19305384,2016-09-13,2016-12-22,,,statement/Q27042965-534eaa10-46b8-34ed-8a55-526f1d566a5a
Q2705430,Q19305384,2002-05-28,2003-06-10,,,statement/Q2705430-1844D5D0-9BEB-4106-94DD-F230C3C185C3
Q2706539,Q19305384,1995-06-13,2007-06-12,,,statement/Q2706539-7B0EAEB1-EB5C-4D62-A719-5A3EB3D5CE73
Q2726743,Q19305384,1999-06-08,2011-06-07,,,statement/Q2726743-AB5E8E3A-142A-4AB5-8625-A9A76156277A
Q2730576,Q19305384,2011-06-07,2018-03-28,,,statement/Q2730576-EB49FFB2-4830-4DC6-BDE9-D8AB7E30D7A3
Q2734509,Q19305384,1995-06-13,2007-06-12,,,statement/Q2734509-66CFCDA4-1EA9-40B4-B501-E10895137B29
Q2738325,Q19305384,2007-06-12,2009-06-09,,,statement/Q2738325-F14ED396-462C-4F1E-AAA1-8FAFEC376842
Q2741884,Q19305384,2011-06-07,2015-06-09,,,statement/Q2741884-8DFACDD2-26A9-4894-A4AC-156E390A0959
Q2741884,Q19305384,2015-09-08,2015-12-29,Q2403818,,statement/Q2741884-d6f0dc60-43b3-136e-ba3d-149537f94119
Q2741884,Q19305384,2017-03-28,2019-06-11,,,statement/Q2741884-1a53d385-4f17-dd45-0dd9-b557d179e1b7
Q2741937,Q19305384,2003-06-10,2007-06-12,,,statement/Q2741937-31282FF3-26DB-4F1E-B70E-813299DD559C
Q2742104,Q19305384,1999-06-08,2011-06-07,,,statement/Q2742104-24EE9409-C0B8-4C98-9EFA-150BD8A0ABA8
Q2742860,Q19305384,2015-06-09,2019-06-11,,,statement/Q2742860-A3B31B18-8B09-4524-AEAF-D1BC48AE0534
Q2752751,Q19305384,2003-06-10,2011-06-07,,,statement/Q2752751-3263C61A-1B81-4DC5-875E-9E2C0B322F6A
Q27660943,Q19305384,2018-10-09,2019-01-24,,,statement/Q27660943-584a315b-3227-4b9c-9c06-4f818fce5db4
Q27660943,Q19305384,2019-01-29,2019-06-11,,,statement/Q27660943-ae9cecd3-4c45-f90a-c853-ac879da1f324
Q2770742,Q19305384,1995-06-13,2011-06-07,,,statement/Q2770742-167EBE0C-647F-40F1-95D7-C6A00E05A6C6
Q2780973,Q19305384,1999-06-08,2007-06-12,,,statement/Q2780973-382D84DC-D9E3-4D8D-9DDE-BDAD161A68D9
Q2781892,Q19305384,1999-06-08,2003-06-10,,,statement/Q2781892-4defb176-46bc-592f-ee16-a6ace6f0b6df
Q2781892,Q19305384,2007-06-12,2015-06-09,,,statement/Q2781892-F11753EE-C7A7-4136-946B-7D1CB71A1D21
Q2783937,Q19305384,2000-09-05,2011-06-07,,,statement/Q2783937-3042C691-E291-4B41-82EC-68786D863CAF
Q2787675,Q19305384,2003-06-10,2015-06-09,,,statement/Q2787675-1FB39F26-6C83-4FC6-936A-87FEB36B2361
Q27968571,Q19305384,2016-12-06,2019-06-11,,,statement/Q27968571-ef038a13-4df1-65ca-0812-95be59ad6b05
Q2798280,Q19305384,1999-06-08,2011-06-07,,,statement/Q2798280-1538A5B4-A5C0-4981-95D7-598C1712CE3D
Q2801440,Q19305384,2015-06-09,2017-03-23,,,statement/Q2801440-5fcec310-4476-6c90-ece3-cca19f116279
Q2801440,Q19305384,2019-06-11,,,,statement/Q2801440-5B1A30D8-91D5-42EE-9BB8-9695D3B9F316
Q2843702,Q19305384,2007-06-12,2016-10-01,,,statement/Q2843702-B57E0CAB-9BD9-4EF1-A65F-567706A3BFF3
Q2876197,Q19305384,2007-06-12,2019-06-11,,,statement/Q2876197-6DBBED6C-041E-4CA6-ABE7-437D1B9B242F
Q28860638,Q19305384,2018-10-16,2019-03-12,,,statement/Q28860638-88493ac3-b559-4e4c-8e84-b8fb3f6a07f1
Q28860676,Q19305384,2019-06-11,,,,statement/Q28860676-9da51eee-4a83-0182-6370-2940fd96019a
Q28861881,Q19305384,2019-06-11,,,,statement/Q28861881-434e2cab-4c55-4235-50f6-12dd6b5288e8
Q28861903,Q19305384,2017-03-28,2019-06-11,,,statement/Q28861903-c6504b82-ed4e-42f5-bcad-67b75ebec7e3
Q28862418,Q19305384,2019-06-11,2019-07-28,,,statement/Q28862418-32fc3b85-4d0b-b3cc-4744-4a672a7d78c3
Q28862418,Q19305384,2019-07-28,,,,statement/Q28862418-3c99f041-4656-591e-c904-31bd82e9426a
Q28862422,Q19305384,2019-06-11,2022-03-31,,,statement/Q28862422-f166c84b-4e18-cb38-6250-5069f49bd5ba
Q28862422,Q19305384,2022-03-31,,,,statement/Q28862422-4002f845-4095-ff79-3686-4c1cbd1fe4c4
Q28862440,Q19305384,2019-06-11,2019-08-20,,,statement/Q28862440-1be4e06a-4ba0-8237-0a51-3f8970b9618f
Q28862440,Q19305384,2019-08-20,,,,statement/Q28862440-85380af6-4c96-71a2-a3b3-516055672bf3
Q28862461,Q19305384,2020-10-26,2020-11-30,,,statement/Q28862461-5cef8936-4e87-1e90-7c6f-07941bdedc12
Q28862461,Q19305384,2020-11-30,,,,statement/Q28862461-65f7c21b-4951-418c-e4b4-7a0eaf54e86d
Q29001708,Q19305384,2017-03-21,,,,statement/Q29001708-77ce0c1f-47b2-21f8-19b5-3cee1e56c63d
Q2905038,Q19305384,2003-06-10,2015-06-09,,,statement/Q2905038-6229D7C4-BA25-4301-8BE5-2E18B23C8726
Q29054517,Q19305384,2017-03-28,,,,statement/Q29054517-9836b71b-c51e-4da7-9431-1fa6dc0bedd6
Q2915348,Q19305384,2009-11-03,2011-06-07,,,statement/Q2915348-DA312079-BAD9-4E5F-AE7C-6FB89D093525
Q2916361,Q19305384,1983-09-13,2011-06-07,,,statement/Q2916361-EA57BB2F-1335-4DD6-90DF-9E1B7E2D3813
Q2916448,Q19305384,2019-06-11,2020-01-29,,,statement/Q2916448-d05a9ca9-4200-dea2-a4ac-ee8ae45652de
Q3007694,Q19305384,2015-06-09,2019-06-11,,,statement/Q3007694-33B029A9-6E63-4EDE-88B5-C928728D0D0A
Q3020771,Q19305384,1991-06-11,2003-06-10,,,statement/Q3020771-066A0454-684B-4FC4-A4BB-9DBF0CD924DD
Q302680,Q19305384,1999-06-08,2007-01-01,,,statement/Q302680-9C8AF0C1-BDB2-4206-B8A7-2E8BDA9E4C38
Q303926,Q19305384,2003-06-10,2007-02-22,,,statement/Q303926-75215f54-40e5-6708-7960-83983cb4718c
Q304262,Q19305384,1995-06-13,2007-06-12,,,statement/Q304262-E011BEFC-C7D3-4B61-8984-5F983C5A2126
Q3054787,Q19305384,2011-06-07,2018-09-20,,,statement/Q3054787-6D6AA59B-D241-473E-B094-66F698BACA85
Q3057862,Q19305384,2007-06-12,2019-06-11,,,statement/Q3057862-18A951A4-C482-4D97-A002-9C717C1169EB
Q3060805,Q19305384,2011-06-07,,,,statement/Q3060805-F314483C-B4EC-41AD-9411-445710989753
Q3072062,Q19305384,2003-06-10,2007-06-12,,,statement/Q3072062-3AC31188-3811-4DF9-9F7D-211A93C45639
Q3086771,Q19305384,2011-06-07,2015-06-09,,,statement/Q3086771-4209C45C-F788-4490-8544-663084FC0FD1
Q3097890,Q19305384,1995-06-13,2003-06-10,,,statement/Q3097890-38E93E41-C495-4174-AAF6-1240CE0524BB
Q3147680,Q19305384,2011-06-07,2019-06-11,,,statement/Q3147680-D82174F7-08DD-48C2-8E89-94B3470FFA74
Q3259044,Q19305384,2015-06-09,2017-03-16,,,statement/Q3259044-A70410CB-564C-43F1-91DD-D37EE09AAA2F
Q3309029,Q19305384,1991-02-05,2003-06-10,,,statement/Q3309029-9390145D-4464-451B-A6FE-13DB7F5D1607
Q3358759,Q19305384,2007-03-06,2007-06-12,,,statement/Q3358759-DB8E1D57-8AD6-4E04-A979-D4AC1F9AC466
Q3406504,Q19305384,2003-06-10,2004-09-28,,,statement/Q3406504-3257FC42-E3D7-46DA-92B6-3EC85E75356A
Q3439649,Q19305384,2011-06-07,2015-06-09,,,statement/Q3439649-7A790B11-08DC-4536-BC89-B33365EA50C8
Q347781,Q19305384,2015-06-09,2021-09-24,,,statement/Q347781-9267c69b-37a4-400c-810d-afc2aafc0d7f
Q347781,Q19305384,2022-02-08,,,,statement/Q347781-544f243a-4900-2725-18b3-1c475ade9302
Q3501388,Q19305384,1995-06-13,2003-06-10,,,statement/Q3501388-5A731EAB-9D72-42E4-BF48-7D37F4848D39
Q42532175,Q19305384,2019-06-11,2020-10-26,,,statement/Q42532175-fabca5a7-4e32-f981-91b0-ffecc476f0e4
Q42532175,Q19305384,2021-02-15,,,,statement/Q42532175-9aeaef66-4381-0771-0381-8f50d1b88d88
Q4280928,Q19305384,2007-06-12,2011-06-07,,,statement/Q4280928-474EA908-3C34-4200-AD4F-10F84A72287B
Q4300004,Q19305384,2007-06-12,2019-06-11,,,statement/Q4300004-1CD739FA-B70A-4EC6-B7E2-D2E93ED5CCF3
Q442061,Q19305384,2019-06-11,,,,statement/Q442061-b15a9cc7-48a6-d394-2e72-dcce6ebf62d5
Q4432211,Q19305384,2007-06-12,2011-06-07,,,statement/Q4432211-E3BD24B7-E9D9-4946-87D4-A354C76ADEFA
Q447079,Q19305384,2015-06-09,,,,statement/Q447079-52a42ca9-49d0-28bf-43e1-945fd1830086
Q4503123,Q19305384,1995-06-13,2003-06-10,,,statement/Q4503123-61FB51A4-E0EC-4137-AE14-386939CEB720
Q455276,Q19305384,2011-06-07,2019-06-11,,,statement/Q455276-A281893D-B0CC-4A14-A7AC-AE5945F614F5
Q457706,Q19305384,1991-06-11,2001-10-02,,,statement/Q457706-41465151-428c-ec29-bad4-80109a46914f
Q459504,Q19305384,2011-06-07,2015-06-09,,,statement/Q459504-E99233D7-73AC-4873-8A74-70F562FDBED6
Q461460,Q19305384,2015-06-09,,,,statement/Q461460-2E779525-0DDD-416C-8BCF-CB82FC505922
Q466569,Q19305384,2007-06-12,2010-10-14,,,statement/Q466569-3963F94B-DDDC-428E-B8BF-BAED0956C3CB
Q467833,Q19305384,2019-06-11,,,,statement/Q467833-05e544c4-4278-cb0c-074d-3bfae9a254ac
Q510545,Q19305384,2011-06-07,2018-02-09,,,statement/Q510545-8E3F0358-2928-437D-9D1C-0FC78ADAA415
Q5124472,Q19305384,2011-06-07,2019-06-11,,,statement/Q5124472-7D1E9B3B-B12A-4575-90BE-93C1BBD71B12
Q52216199,Q19305384,2019-06-11,,,,statement/Q52216199-6080f2ff-ee28-412b-919b-b590b318affc
Q5233180,Q19305384,2015-06-09,,,,statement/Q5233180-33853385-2871-4F00-996A-A143EDFC593E
Q5364345,Q19305384,2003-06-10,2015-06-09,,,statement/Q5364345-212648E5-E25C-46D2-886C-E756B43DC6E4
Q547261,Q19305384,2003-06-10,2011-06-07,,,statement/Q547261-A5B91121-2B06-4324-B493-F43305B6D343
Q5600082,Q19305384,2007-06-12,2011-06-07,,,statement/Q5600082-6CB26433-71DA-4FBA-A451-72D558B19623
Q560481,Q19305384,2015-06-09,,,,statement/Q560481-16920f28-40e3-4c4e-1a68-f347954e1043
Q56596736,Q19305384,2018-09-11,2020-10-16,,,statement/Q56596736-ef4593e2-4fa8-ac49-8289-ff641512bcc2
Q572209,Q19305384,1999-06-08,2015-06-09,,,statement/Q572209-282491E9-4989-4B9A-AF83-A9453DB4A78C
Q607189,Q19305384,1999-06-08,2007-06-02,,,statement/Q607189-FE1E7819-5F88-412C-8F08-2EE39182F067
Q607189,Q19305384,1999-06-08,2007-06-12,,,statement/Q607189-FE1E7819-5F88-412C-8F08-2EE39182F067
Q61741012,Q19305384,2020-02-04,,,,statement/Q61741012-d66a37a8-2216-450b-bfca-aaf89d3e56a2
Q64590182,Q19305384,2019-06-11,,,,statement/Q64590182-00fdd49e-44ce-378b-1b0c-5845dab8d6a9
Q64590194,Q19305384,2019-06-11,2021-03-31,,,statement/Q64590194-209af777-4ab9-8ad0-d601-a3a67ec38c1c
Q64590304,Q19305384,2019-06-11,2020-02-09,,,statement/Q64590304-49af4518-4303-fc99-b90e-4a19d386e9f6
Q64590304,Q19305384,2019-06-11,2020-02-11,,,statement/Q64590304-49af4518-4303-fc99-b90e-4a19d386e9f6
Q64604936,Q19305384,2019-06-11,2020-11-29,,,statement/Q64604936-29e52822-4b7b-9070-9e6f-b6183b0733f3
Q64604936,Q19305384,2020-11-29,,,,statement/Q64604936-c4be474d-41f0-f4a2-b422-aaf237dec88c
Q64667220,Q19305384,2019-06-11,2020-12-14,,,statement/Q64667220-54346b87-a6c4-4353-a11d-456f034174a5
Q64667220,Q19305384,2020-12-14,,,,statement/Q64667220-82bd09d5-48e9-01c9-bc75-ddcdba45ff9e
Q64667224,Q19305384,2019-06-11,2020-11-30,,,statement/Q64667224-ce5a76b9-42b8-5cb3-a788-9a7218d1fd4b
Q64667224,Q19305384,2020-11-30,,,,statement/Q64667224-bc95878d-4f5e-5f45-0ffe-66caccf26f8d
Q64706397,Q19305384,2019-06-11,,,,statement/Q64706397-0ef21002-4bfb-0746-d4a8-f6970d98a105
Q64711678,Q19305384,2019-06-11,2022-01-10,,,statement/Q64711678-67526fa5-41a5-97d1-8194-feecfa22d473
Q64847392,Q19305384,2019-06-11,,,,statement/Q64847392-357b44e8-4c85-7d24-d311-bcba20fbf3b4
Q649344,Q19305384,1999-06-08,2007-06-12,,,statement/Q649344-73CCDDCB-A781-45D7-8834-A2EBF59CC9BA
Q64995518,Q19305384,2019-06-11,,,,statement/Q64995518-c4425ae5-4cfd-b52f-e4ef-df805d068046
Q65008764,Q19305384,2019-06-11,,,,statement/Q65008764-c895e1b3-4061-2aa5-075c-59b06d3143ab
Q65009149,Q19305384,2019-06-11,,,,statement/Q65009149-6d7956be-414e-45a9-c960-6d8707cc1ade
Q65009743,Q19305384,2019-06-11,,,,statement/Q65009743-c90f2d34-4a45-76f4-8d5e-d226278d9ef4
Q65028329,Q19305384,2019-06-11,,,,statement/Q65028329-360861da-4ec9-d53a-8b20-08f1bc72dfa7
Q65037345,Q19305384,2019-06-11,,,,statement/Q65037345-5fd64215-4d0d-62b9-64bb-baba68844bce
Q65055093,Q19305384,2019-06-11,,,,statement/Q65055093-e332eb11-4791-e8aa-b222-c6e6952eaec2
Q65128077,Q19305384,2019-06-11,,,,statement/Q65128077-af24f045-446d-7c6f-4b14-d235492261bc
Q67210071,Q19305384,2019-09-10,2019-11-13,,,statement/Q67210071-ddad272b-48b9-4ca1-9335-41e4fbf77a61
Q67210071,Q19305384,2020-02-18,,,,statement/Q67210071-6460a15f-497b-8956-17d8-5f6ced491f77
Q6794520,Q19305384,2017-10-31,2018-02-14,,,statement/Q6794520-8ccff796-4409-5915-7b72-aeac9f2bdc1a
Q6794520,Q19305384,2018-03-20,2018-07-04,,,statement/Q6794520-766a78c7-4fef-10ea-8867-eb3a91d9b6bf
Q6794520,Q19305384,2018-10-16,2019-06-11,,,statement/Q6794520-8689432a-599f-4cb4-94fe-3c7399d1be7a
Q704888,Q19305384,2007-06-12,2015-06-09,,,statement/Q704888-2086f2b1-45c1-d47a-3464-9b30ceb24c52
Q704888,Q19305384,2018-06-26,2019-06-11,,,statement/Q704888-8188EB66-45B9-4231-8677-92464CF84AA0
Q7509790,Q19305384,1991-06-11,2001-06-12,,,statement/Q7509790-658A571F-8741-49A7-8131-AA38EE551449
Q762030,Q19305384,2011-06-07,2012-10-23,,,statement/Q762030-C92336EA-7D18-48E3-BB15-E6B74951B5B4
Q78112,Q19305384,2007-06-12,2011-06-07,,,statement/Q78112-5C834FCD-3A1D-4BFB-B5AE-2530F427A1C3
Q8062513,Q19305384,1999-06-08,2009-11-01,,,statement/Q8062513-72FE7CB4-987E-48DE-A9AE-54289189F367
Q941452,Q19305384,2014-07-08,2015-06-09,,,statement/Q941452-4B2A6AC7-D551-47B6-8013-8305B1505876
Q952623,Q19305384,2003-06-10,2007-02-22,,,statement/Q952623-0EEDCEB9-9AA4-41F6-B1BF-91B6CAA78B66
Q956390,Q19305384,2019-06-11,2020-12-08,,,statement/Q956390-367bd851-41e8-afd7-9865-8856c49f7598
Q956390,Q19305384,2020-12-08,,,,statement/Q956390-25345a4b-4500-f83d-9b93-3f98f3053752
Q58115,Q19305384,1999-06-08,2010-10-14,,,statement/Q58115-FE58FF93-22E2-4243-BAC6-F503D9B675B2
